اسم المنطقة/الحي,لواء (متصرفية),مديرية الشرطة,مركز الأمن العام الأقرب,العنوان التقريبي,خط العرض,خط الطول
أبو السوس,لواء وادي السير,مديرية شرطة جنوب عمان,مركز أمن البيادر,أبو السوس,31.9183,35.7834
أبو حامد,لواء الجامعة,مديرية شرطة شمال عمان,مركز أمن أبو نصير,أبو حامد,32.1018,35.8845
أبو صوانة,لواء سحاب,مديرية شرطة شرق عمان,مركز أمن سحاب,أبو صوانة,31.8808,35.9831
أبو نصير,لواء الجامعة,مديرية شرطة شمال عمان,مركز أمن أبو نصير,أبو نصير,32.0540,35.8730
أدبيان,لواء ناعور,مديرية شرطة جنوب عمان,مركز أمن ناعور,أدبيان,31.8425,35.8557
أم أذينة,لواء وادي السير,مديرية شرطة جنوب عمان,مركز أمن البيادر,أم أذينة,31.9450,35.8580
أم الأسود,لواء الجامعة,مديرية شرطة شمال عمان,مركز أمن تلاع العلي,أم الأسود,31.9766,35.7873
أم البرك,لواء ناعور,مديرية شرطة جنوب عمان,مركز أمن ناعور,أم البرك,31.8167,35.8667
أم البساتين,لواء ناعور,مديرية شرطة جنوب عمان,مركز أمن ناعور,أم البساتين,31.8850,35.8000
أم الحيران,لواء القويسمة,مديرية شرطة جنوب عمان,مركز أمن الجويدة,أم الحيران,31.9073,35.9392
أم الرصاص,لواء ناعور,مديرية شرطة جنوب عمان,مركز أمن ناعور,أم الرصاص,31.5008,35.9160
أم السماق,لواء الجامعة,مديرية شرطة شمال عمان,مركز أمن تلاع العلي,أم السماق,31.9833,35.8500
أم السومق,لواء الجامعة,مديرية شرطة شمال عمان,مركز أمن تلاع العلي,أم السومق,31.9830,35.8530
أم العمد,لواء ناعور,مديرية شرطة جنوب عمان,مركز أمن ناعور,أم العمد,31.7833,35.9000
أم القنافذ,لواء ناعور,مديرية شرطة جنوب عمان,مركز أمن ناعور,أم القنافذ,31.8333,35.8333
أم الكندم,لواء وادي السير,مديرية شرطة جنوب عمان,مركز أمن مرج الحمام,أم الكندم,31.8500,35.8833
أم تل,لواء الجامعة,مديرية شرطة شمال عمان,مركز أمن أبو نصير,أم تل,32.1167,35.8333
أم جريسات,لواء ناعور,مديرية شرطة جنوب عمان,مركز أمن ناعور,أم جريسات,31.7117,35.7322
أم جوزة,لواء الجامعة,مديرية شرطة شمال عمان,مركز أمن أبو نصير,أم جوزة,32.1085,35.7514
أم حجير,لواء الجامعة,مديرية شرطة شمال عمان,مركز أمن أبو نصير,أم حجير,32.0453,35.8882
أم رمانة,لواء الجامعة,مديرية شرطة شمال عمان,مركز أمن شفا بدران,أم رمانة,32.1000,35.9333
أم زويتينة,لواء الجامعة,مديرية شرطة شمال عمان,مركز أمن أبو نصير,أم زويتينة,32.0333,35.8833
أم قصير,لواء القويسمة,مديرية شرطة جنوب عمان,مركز أمن المقابلين,أم قصير,31.9125,35.9180
أم نوارة,لواء وادي السير,مديرية شرطة جنوب عمان,مركز أمن البيادر,أم نوارة,31.9337,35.8000
ابن سينا,لواء ماركا,مديرية شرطة شرق عمان,مركز أمن ماركا,ابن سينا,32.0821,36.1021
ابو الريغان,لواء الجامعة,مديرية شرطة شمال عمان,مركز أمن شفا بدران,ابو الريغان,32.1179,36.0507
ابو القرام,لواء الجامعة,مديرية شرطة شمال عمان,مركز أمن شفا بدران,ابو القرام,32.0632,35.9044
ابو القيقب,لواء الجامعة,مديرية شرطة شمال عمان,مركز أمن صويلح,ابو القيقب,32.0407,35.7002
ابو طاره,لواء الجامعة,مديرية شرطة شمال عمان,مركز أمن صويلح,ابو طاره,32.0367,35.7839
ابو عبيدة,لواء ناعور,مديرية شرطة جنوب عمان,مركز أمن ناعور,ابو عبيدة,31.7080,35.7933
ابو علندا,لواء القويسمة,مديرية شرطة شرق عمان,مركز أمن القويسمة,ابو علندا,31.9027,35.9687
ابو عليا,لواء ماركا,مديرية شرطة شمال عمان,مركز أمن طارق,ابو عليا,32.0046,35.9585
اسكان الجمارك,لواء الجامعة,مديرية شرطة شمال عمان,مركز أمن صويلح,اسكان الجمارك,32.0450,35.7883
اسكان المهندسين,لواء الجامعة,مديرية شرطة شمال عمان,مركز أمن صويلح,اسكان المهندسين,32.0487,35.7372
اسكان ماركا الجديد,لواء ماركا,مديرية شرطة شرق عمان,مركز أمن ماركا,اسكان ماركا الجديد,31.9843,36.0203
اسكان ماركا القديم,لواء ماركا,مديرية شرطة شرق عمان,مركز أمن ماركا,اسكان ماركا القديم,31.9887,36.0238
الأخضر,لواء قصبة عمان,مديرية شرطة وسط عمان,مركز أمن المهاجرين,الأخضر,31.9368,35.9138
الأشرفية,لواء قصبة عمان,مديرية شرطة شرق عمان,مركز أمن الأشرفية,الأشرفية,31.9380,35.9380
الأمير الحسن,لواء ماركا,مديرية شرطة شرق عمان,مركز أمن النصر,الأمير الحسن,31.9588,35.9728
الأمير حسن,لواء قصبة عمان,مديرية شرطة وسط عمان,مركز أمن النزهة,الأمير حسن,31.9750,35.9450
الأميرة عالية,لواء ماركا,مديرية شرطة شرق عمان,مركز أمن النصر,الأميرة عالية,31.9415,35.9773
الاحسان,لواء القويسمة,مديرية شرطة جنوب عمان,مركز أمن الجويدة,الاحسان,31.8648,35.9502
الاسكان,لواء ماركا,مديرية شرطة شرق عمان,مركز أمن ماركا,الاسكان,32.0876,36.1054
الامانة,لواء الجامعة,مديرية شرطة شمال عمان,مركز أمن أبو نصير,الامانة,32.0625,35.8745
الامير الحسين بن عبدالله,لواء ماركا,مديرية شرطة شمال عمان,مركز أمن طارق,الامير الحسين بن عبدالله,32.0201,35.9360
الامير حمزه,لواء ماركا,مديرية شرطة شرق عمان,مركز أمن ماركا,الامير حمزه,32.0557,36.0712
الامير محمد,لواء ماركا,مديرية شرطة شرق عمان,مركز أمن ماركا,الامير محمد,32.0798,36.0934
الاميرة هيا,لواء ماركا,مديرية شرطة شرق عمان,مركز أمن ماركا,الاميرة هيا,32.0688,36.0432
الاندلس,لواء ناعور,مديرية شرطة جنوب عمان,مركز أمن ناعور,الاندلس,31.7042,35.7893
الايمان,لواء القويسمة,مديرية شرطة جنوب عمان,مركز أمن الجويدة,الايمان,31.8729,35.9450
البتراوي,لواء ماركا,مديرية شرطة شرق عمان,مركز أمن ماركا,البتراوي,32.0955,36.0877
البجيع,لواء وادي السير,مديرية شرطة جنوب عمان,مركز أمن البيادر,البجيع,31.9534,35.7442
البحاث الجنوبي,لواء ناعور,مديرية شرطة جنوب عمان,مركز أمن ناعور,البحاث الجنوبي,31.9000,35.8000
البحيرة,لواء الجامعة,مديرية شرطة شمال عمان,مركز أمن صويلح,البحيرة,32.0552,35.7274
البسالة,لواء الجامعة,مديرية شرطة شمال عمان,مركز أمن أبو نصير,البسالة,32.0543,35.8802
البشائر,لواء الجامعة,مديرية شرطة شمال عمان,مركز أمن صويلح,البشائر,32.0133,35.8491
البصة,لواء وادي السير,مديرية شرطة جنوب عمان,مركز أمن البيادر,البصة,31.9333,35.7833
البقعان,لواء الجامعة,مديرية شرطة شمال عمان,مركز أمن صويلح,البقعان,32.0596,35.7375
البقعة,لواء الجامعة,مديرية شرطة شمال عمان,مركز أمن أبو نصير,البقعة,32.0725,35.8447
البقورية,لواء الجامعة,مديرية شرطة شمال عمان,مركز أمن صويلح,البقورية,31.9804,35.7269
البلد,لواء قصبة عمان,مديرية شرطة وسط عمان,مركز أمن المدينة,البلد,31.9502,35.9354
البلدية,لواء الجامعة,مديرية شرطة شمال عمان,مركز أمن صويلح,البلدية,32.0245,35.8651
البنيات الجنوبية,لواء وادي السير,مديرية شرطة جنوب عمان,مركز أمن مرج الحمام,البنيات الجنوبية,31.8833,35.8833
البنيات الشمالي,لواء وادي السير,مديرية شرطة جنوب عمان,مركز أمن مرج الحمام,البنيات الشمالي,31.8916,35.8868
البيادر,لواء وادي السير,مديرية شرطة جنوب عمان,مركز أمن البيادر,البيادر,31.9468,35.8388
البيرة,لواء الجامعة,مديرية شرطة شمال عمان,مركز أمن شفا بدران,البيرة,32.1618,36.0048
التطوير الحضري,لواء ماركا,مديرية شرطة شرق عمان,مركز أمن ماركا,التطوير الحضري,31.9888,36.0189
التقوى,لواء سحاب,مديرية شرطة شرق عمان,مركز أمن سحاب,التقوى,31.8681,35.9714
التلاع الشرقي,لواء الجامعة,مديرية شرطة شمال عمان,مركز أمن ضاحية الرشيد,التلاع الشرقي,31.9834,35.8773
التلاع الشمالي,لواء الجامعة,مديرية شرطة شمال عمان,مركز أمن تلاع العلي,التلاع الشمالي,31.9986,35.8654
التنيب,لواء سحاب,مديرية شرطة شرق عمان,مركز أمن سحاب,التنيب,31.8000,35.9500
الثغرة,لواء وادي السير,مديرية شرطة جنوب عمان,مركز أمن البيادر,الثغرة,31.9504,35.7173
الجاردنز,لواء الجامعة,مديرية شرطة شمال عمان,مركز أمن ضاحية الرشيد,الجاردنز,31.9853,35.8807
الجامعة,لواء الجامعة,مديرية شرطة شمال عمان,مركز أمن ضاحية الرشيد,الجامعة,32.0120,35.8730
الجبر,لواء ماركا,مديرية شرطة شرق عمان,مركز أمن ماركا,الجبر,32.0690,36.0518
الجبل الأبيض,لواء ماركا,مديرية شرطة شرق عمان,مركز أمن ماركا,الجبل الأبيض,32.0524,36.0783
الجبل الشمالي,لواء ماركا,مديرية شرطة شرق عمان,مركز أمن ماركا,الجبل الشمالي,32.0289,36.0406
الجبيل,لواء وادي السير,مديرية شرطة جنوب عمان,مركز أمن البيادر,الجبيل,31.9775,35.7437
الجبيهة,لواء الجامعة,مديرية شرطة شمال عمان,مركز أمن ضاحية الرشيد,الجبيهة,32.0189,35.8819
الجندويل,لواء وادي السير,مديرية شرطة جنوب عمان,مركز أمن البيادر,الجندويل,31.9607,35.8406
الجندي,لواء ماركا,مديرية شرطة شرق عمان,مركز أمن ماركا,الجندي,32.0264,36.0809
الجويدة,لواء القويسمة,مديرية شرطة جنوب عمان,مركز أمن الجويدة,الجويدة,31.8980,35.9450
الجيزة,لواء سحاب,مديرية شرطة شرق عمان,مركز أمن سحاب,الجيزة,31.7000,35.9500
الحديقة,لواء ماركا,مديرية شرطة شرق عمان,مركز أمن ماركا,الحديقة,32.0599,36.0858
الحرية,لواء وادي السير,مديرية شرطة جنوب عمان,مركز أمن مرج الحمام,الحرية,31.9000,35.8833
الحسنية,لواء القويسمة,مديرية شرطة جنوب عمان,مركز أمن المقابلين,الحسنية,31.9065,35.8972
الحمد,لواء ناعور,مديرية شرطة جنوب عمان,مركز أمن ناعور,الحمد,31.7185,35.8031
الحمر,لواء الجامعة,مديرية شرطة شمال عمان,مركز أمن صويلح,الحمر,32.0167,35.8167
الحمرانية,لواء القويسمة,مديرية شرطة جنوب عمان,مركز أمن المقابلين,الحمرانية,31.9202,35.9027
الحمزة,لواء القويسمة,مديرية شرطة جنوب عمان,مركز أمن المقابلين,الحمزة,31.9200,35.8950
الحمزة الشرقية,لواء وادي السير,مديرية شرطة جنوب عمان,مركز أمن البيادر,الحمزة الشرقية,31.9480,35.8640
الحواسية,لواء ناعور,مديرية شرطة جنوب عمان,مركز أمن ناعور,الحواسية,31.8167,35.8500
الحويج,لواء وادي السير,مديرية شرطة جنوب عمان,مركز أمن البيادر,الحويج,31.9572,35.7225
الخالدين,لواء الجامعة,مديرية شرطة شمال عمان,مركز أمن صويلح,الخالدين,32.0011,35.8481
الخضر,لواء الجامعة,مديرية شرطة شمال عمان,مركز أمن صويلح,الخضر,32.0403,35.7275
الخضراء,لواء ناعور,مديرية شرطة جنوب عمان,مركز أمن ناعور,الخضراء,31.7881,35.8743
الخلفاء,لواء ناعور,مديرية شرطة جنوب عمان,مركز أمن ناعور,الخلفاء,31.7192,35.7868
الدباب,لواء الجامعة,مديرية شرطة شمال عمان,مركز أمن أبو نصير,الدباب,32.1482,35.7005
الدهامشة,لواء الجامعة,مديرية شرطة شمال عمان,مركز أمن أبو نصير,الدهامشة,32.1483,35.8803
الدوار الأول,لواء قصبة عمان,مديرية شرطة وسط عمان,مركز أمن المهاجرين,الدوار الأول,31.9507,35.9230
الدوار الثالث,لواء قصبة عمان,مديرية شرطة وسط عمان,مركز أمن زهران,الدوار الثالث,31.9540,35.9106
الدوار الثامن,لواء وادي السير,مديرية شرطة جنوب عمان,مركز أمن البيادر,الدوار الثامن,31.9564,35.8472
الدوار الثاني,لواء قصبة عمان,مديرية شرطة وسط عمان,مركز أمن زهران,الدوار الثاني,31.9515,35.9157
الدوار الخامس,لواء قصبة عمان,مديرية شرطة وسط عمان,مركز أمن زهران,الدوار الخامس,31.9607,35.8805
الدوار الرابع,لواء قصبة عمان,مديرية شرطة وسط عمان,مركز أمن زهران,الدوار الرابع,31.9560,35.8962
الدوار السابع,لواء الجامعة,مديرية شرطة شمال عمان,مركز أمن تلاع العلي,الدوار السابع,31.9593,35.8576
الدويك,لواء ماركا,مديرية شرطة شرق عمان,مركز أمن ماركا,الدويك,32.0469,36.0565
الذراع,لواء قصبة عمان,مديرية شرطة وسط عمان,مركز أمن المهاجرين,الذراع,31.9319,35.9163
الرابية,لواء قصبة عمان,مديرية شرطة وسط عمان,مركز أمن زهران,الرابية,31.9670,35.8780
الراية,لواء الجامعة,مديرية شرطة شمال عمان,مركز أمن أبو نصير,الراية,32.1626,35.8818
الرباحية,لواء الجامعة,مديرية شرطة شمال عمان,مركز أمن تلاع العلي,الرباحية,31.9737,35.8141
الربوة,لواء ماركا,مديرية شرطة شرق عمان,مركز أمن النصر,الربوة,31.9496,35.9869
الرجيب,لواء سحاب,مديرية شرطة شرق عمان,مركز أمن سحاب,الرجيب,31.8995,35.9841
الرحمانية,لواء الجامعة,مديرية شرطة شمال عمان,مركز أمن صويلح,الرحمانية,32.0116,35.8327
الرحيل,لواء الجامعة,مديرية شرطة شمال عمان,مركز أمن شفا بدران,الرحيل,32.1300,36.0441
الرشاد,لواء ناعور,مديرية شرطة جنوب عمان,مركز أمن ناعور,الرشاد,31.7388,35.7987
الرشيد,لواء الجامعة,مديرية شرطة شمال عمان,مركز أمن ضاحية الرشيد,الرشيد,31.9970,35.8926
الرقيم,لواء القويسمة,مديرية شرطة جنوب عمان,مركز أمن الجويدة,الرقيم,31.8980,35.9680
الرمان,لواء الجامعة,مديرية شرطة شمال عمان,مركز أمن أبو نصير,الرمان,32.1650,35.8336
الرميمين,لواء الجامعة,مديرية شرطة شمال عمان,مركز أمن أبو نصير,الرميمين,32.1069,35.8017
الروابي,لواء الجامعة,مديرية شرطة شمال عمان,مركز أمن تلاع العلي,الروابي,31.9657,35.8558
الروضة,لواء قصبة عمان,مديرية شرطة جنوب عمان,مركز أمن جبل الزهور,الروضة,31.9156,35.9210
الروضة ناعور,لواء ناعور,مديرية شرطة جنوب عمان,مركز أمن ناعور,الروضة ناعور,31.8220,35.8269
الرونق,لواء وادي السير,مديرية شرطة جنوب عمان,مركز أمن البيادر,الرونق,31.9499,35.8404
الرياض,لواء الجامعة,مديرية شرطة شمال عمان,مركز أمن شفا بدران,الرياض,32.0930,35.9953
الزرقاء الجديدة,لواء ماركا,مديرية شرطة شرق عمان,مركز أمن ماركا,الزرقاء الجديدة,32.0881,36.0964
الزهراء,لواء ماركا,مديرية شرطة شرق عمان,مركز أمن ماركا,الزهراء,31.9808,35.9980
الزهور,لواء قصبة عمان,مديرية شرطة جنوب عمان,مركز أمن جبل الزهور,الزهور,31.9204,35.9235
الزواهرة,لواء ماركا,مديرية شرطة شرق عمان,مركز أمن ماركا,الزواهرة,32.0653,36.0690
الزيتونة,لواء ناعور,مديرية شرطة جنوب عمان,مركز أمن ناعور,الزيتونة,31.7256,35.8073
السامك,لواء ناعور,مديرية شرطة جنوب عمان,مركز أمن ناعور,السامك,31.8000,35.8500
السخنة,لواء الجامعة,مديرية شرطة شمال عمان,مركز أمن شفا بدران,السخنة,32.1308,36.0695
السعادة,لواء الجامعة,مديرية شرطة شمال عمان,مركز أمن أبو نصير,السعادة,32.0649,35.8818
السلالم,لواء الجامعة,مديرية شرطة شمال عمان,مركز أمن صويلح,السلالم,32.0372,35.7364
السلط,لواء الجامعة,مديرية شرطة شمال عمان,مركز أمن صويلح,السلط,32.0353,35.7236
السليحي,لواء الجامعة,مديرية شرطة شمال عمان,مركز أمن أبو نصير,السليحي,32.1228,35.8311
السهل,لواء وادي السير,مديرية شرطة جنوب عمان,مركز أمن البيادر,السهل,31.9557,35.8539
الشفا السلط,لواء الجامعة,مديرية شرطة شمال عمان,مركز أمن صويلح,الشفا السلط,32.0473,35.7599
الشفتة,لواء سحاب,مديرية شرطة شرق عمان,مركز أمن سحاب,الشفتة,31.7833,35.9667
الشميساني,لواء قصبة عمان,مديرية شرطة وسط عمان,مركز أمن الشميساني,الشميساني,31.9680,35.9050
الشهيد الجنوبي,لواء قصبة عمان,مديرية شرطة شمال عمان,مركز أمن الهاشمي,الشهيد الجنوبي,31.9865,35.9578
الشهيد الشمالي,لواء ماركا,مديرية شرطة شمال عمان,مركز أمن طارق,الشهيد الشمالي,31.9920,35.9563
الشيوخ,لواء ماركا,مديرية شرطة شرق عمان,مركز أمن ماركا,الشيوخ,32.0792,36.1006
الصالحين,لواء الجامعة,مديرية شرطة شمال عمان,مركز أمن تلاع العلي,الصالحين,31.9886,35.8548
الصانع,لواء وادي السير,مديرية شرطة جنوب عمان,مركز أمن البيادر,الصانع,31.9300,35.8700
الصبيحي,لواء الجامعة,مديرية شرطة شمال عمان,مركز أمن أبو نصير,الصبيحي,32.1544,35.7009
الصحابة,لواء وادي السير,مديرية شرطة جنوب عمان,مركز أمن مرج الحمام,الصحابة,31.9078,35.8751
الصديق,لواء الجامعة,مديرية شرطة شمال عمان,مركز أمن ضاحية الرشيد,الصديق,32.0118,35.8881
الصلاحية,لواء ناعور,مديرية شرطة جنوب عمان,مركز أمن ناعور,الصلاحية,31.7167,35.9222
الصناعة,لواء وادي السير,مديرية شرطة جنوب عمان,مركز أمن البيادر,الصناعة,31.9397,35.8425
الصويفية,لواء الجامعة,مديرية شرطة شمال عمان,مركز أمن تلاع العلي,الصويفية,31.9584,35.8639
الصيوانية,لواء الجامعة,مديرية شرطة شمال عمان,مركز أمن صويلح,الصيوانية,32.0630,35.7206
الضياء,لواء الجامعة,مديرية شرطة شمال عمان,مركز أمن أبو نصير,الضياء,32.0751,35.8827
الطيبة وخريبة السوق,لواء القويسمة,مديرية شرطة جنوب عمان,مركز أمن الجويدة,الطيبة وخريبة السوق,31.8705,35.9250
الظهير,لواء وادي السير,مديرية شرطة جنوب عمان,مركز أمن البيادر,الظهير,31.9163,35.8533
العال,لواء ناعور,مديرية شرطة جنوب عمان,مركز أمن ناعور,العال,31.8167,35.8333
العبدلي,لواء قصبة عمان,مديرية شرطة وسط عمان,مركز أمن الشميساني,العبدلي,31.9630,35.9050
العدسية,لواء ناعور,مديرية شرطة جنوب عمان,مركز أمن ناعور,العدسية,31.8529,35.7502
العدلية,لواء قصبة عمان,مديرية شرطة وسط عمان,مركز أمن الحسين,العدلية,31.9587,35.9281
العروبة,لواء القويسمة,مديرية شرطة شرق عمان,مركز أمن القويسمة,العروبة,31.9211,35.9747
العريش,لواء ناعور,مديرية شرطة جنوب عمان,مركز أمن ناعور,العريش,31.7830,35.7815
العقربي,لواء قصبة عمان,مديرية شرطة جنوب عمان,مركز أمن جبل الزهور,العقربي,31.9150,35.9200
العلالي,لواء الجامعة,مديرية شرطة شمال عمان,مركز أمن صويلح,العلالي,32.0007,35.7716
العلماء,لواء ناعور,مديرية شرطة جنوب عمان,مركز أمن ناعور,العلماء,31.7058,35.7835
العوده,لواء قصبة عمان,مديرية شرطة شرق عمان,مركز أمن الأشرفية,العوده,31.9309,35.9413
الغابة,لواء ماركا,مديرية شرطة شمال عمان,مركز أمن طارق,الغابة,32.0140,35.9518
الغبية,لواء ناعور,مديرية شرطة جنوب عمان,مركز أمن ناعور,الغبية,31.8017,35.8801
الفاروق,لواء الجامعة,مديرية شرطة شمال عمان,مركز أمن أبو نصير,الفاروق,32.0584,35.8875
الفحيص,لواء الجامعة,مديرية شرطة شمال عمان,مركز أمن صويلح,الفحيص,32.0097,35.7690
الفخيرة,لواء وادي السير,مديرية شرطة جنوب عمان,مركز أمن البيادر,الفخيرة,31.9200,35.8050
الفرزة,لواء الجامعة,مديرية شرطة شمال عمان,مركز أمن صويلح,الفرزة,32.0433,35.7523
الفرقان,لواء القويسمة,مديرية شرطة جنوب عمان,مركز أمن المقابلين,الفرقان,31.8805,35.8945
الفضيلة,لواء الجامعة,مديرية شرطة شمال عمان,مركز أمن صويلح,الفضيلة,32.0199,35.8542
الفقيعات,لواء الجامعة,مديرية شرطة شمال عمان,مركز أمن صويلح,الفقيعات,32.0150,35.8650
الفيصل,لواء ماركا,مديرية شرطة شمال عمان,مركز أمن طارق,الفيصل,32.0106,35.9709
الفيصلية,لواء ناعور,مديرية شرطة جنوب عمان,مركز أمن ناعور,الفيصلية,31.7552,35.7651
القسارية,لواء القويسمة,مديرية شرطة جنوب عمان,مركز أمن الجويدة,القسارية,31.8750,35.9250
القصطل,لواء ناعور,مديرية شرطة جنوب عمان,مركز أمن ناعور,القصطل,31.7500,35.9333
القصور,لواء قصبة عمان,مديرية شرطة وسط عمان,مركز أمن المدينة,القصور,31.9595,35.9376
القويجية,لواء ناعور,مديرية شرطة جنوب عمان,مركز أمن ناعور,القويجية,31.7331,35.7419
القويسمة,لواء القويسمة,مديرية شرطة شرق عمان,مركز أمن القويسمة,القويسمة,31.9180,35.9650
الكمالية,لواء الجامعة,مديرية شرطة شمال عمان,مركز أمن صويلح,الكمالية,32.0294,35.8260
الكمشة,لواء الجامعة,مديرية شرطة شمال عمان,مركز أمن أبو نصير,الكمشة,32.1231,35.9053
الكوم الشرقي,لواء الجامعة,مديرية شرطة شمال عمان,مركز أمن شفا بدران,الكوم الشرقي,32.0378,35.9543
الكوم الغربي,لواء الجامعة,مديرية شرطة شمال عمان,مركز أمن شفا بدران,الكوم الغربي,32.0334,35.9316
اللبن,لواء سحاب,مديرية شرطة شرق عمان,مركز أمن سحاب,اللبن,31.8240,35.9617
اللويبدة,لواء قصبة عمان,مديرية شرطة وسط عمان,مركز أمن الحسين,اللويبدة,31.9560,35.9180
المأمونية الشرقية,لواء ناعور,مديرية شرطة جنوب عمان,مركز أمن ناعور,المأمونية الشرقية,31.7371,35.8336
المأمونية الغربية,لواء ناعور,مديرية شرطة جنوب عمان,مركز أمن ناعور,المأمونية الغربية,31.7445,35.8053
المبرك,لواء القويسمة,مديرية شرطة شرق عمان,مركز أمن المنارة,المبرك,31.9333,35.9833
المبروكة,لواء القويسمة,مديرية شرطة شرق عمان,مركز أمن أحد,المبروكة,32.1567,36.2894
المجد,لواء وادي السير,مديرية شرطة جنوب عمان,مركز أمن مرج الحمام,المجد,31.8615,35.8726
المحبة,لواء الجامعة,مديرية شرطة شمال عمان,مركز أمن أبو نصير,المحبة,32.0479,35.8791
المحجر,لواء قصبة عمان,مديرية شرطة وسط عمان,مركز أمن الشميساني,المحجر,31.9680,35.8780
المحطة,لواء قصبة عمان,مديرية شرطة شمال عمان,مركز أمن الهاشمي,المحطة,31.9663,35.9666
المخيم,لواء ناعور,مديرية شرطة جنوب عمان,مركز أمن ناعور,المخيم,31.7130,35.7866
المدورة,لواء الجامعة,مديرية شرطة شمال عمان,مركز أمن أبو نصير,المدورة,32.0837,35.8500
المدينة,لواء قصبة عمان,مديرية شرطة وسط عمان,مركز أمن المدينة,المدينة,31.9515,35.9380
المدينة الرياضية,لواء الجامعة,مديرية شرطة شمال عمان,مركز أمن صويلح,المدينة الرياضية,32.0590,35.7024
المدينة الطبية,لواء الجامعة,مديرية شرطة شمال عمان,مركز أمن تلاع العلي,المدينة الطبية,31.9808,35.8289
المدينة المنورة,لواء ماركا,مديرية شرطة شرق عمان,مركز أمن ماركا,المدينة المنورة,32.0581,36.0538
المروج,لواء الجامعة,مديرية شرطة شمال عمان,مركز أمن شفا بدران,المروج,32.0511,35.9198
المزار,لواء قصبة عمان,مديرية شرطة وسط عمان,مركز أمن زهران,المزار,31.9600,35.8720
المسرة,لواء الجامعة,مديرية شرطة شمال عمان,مركز أمن أبو نصير,المسرة,32.1658,35.9344
المشتى,لواء سحاب,مديرية شرطة شرق عمان,مركز أمن سحاب,المشتى,31.7659,36.0028
المشقر,لواء ناعور,مديرية شرطة جنوب عمان,مركز أمن ناعور,المشقر,31.8417,35.7761
المشيرفة,لواء القويسمة,مديرية شرطة شرق عمان,مركز أمن أحد,المشيرفة,31.9006,36.0528
المصانع,لواء الجامعة,مديرية شرطة شمال عمان,مركز أمن صويلح,المصانع,32.0621,35.7246
المصطبة,لواء الجامعة,مديرية شرطة شمال عمان,مركز أمن أبو نصير,المصطبة,32.1864,35.8561
المضاري,لواء الجامعة,مديرية شرطة شمال عمان,مركز أمن صويلح,المضاري,32.0673,35.7833
المعادي,لواء القويسمة,مديرية شرطة شرق عمان,مركز أمن القويسمة,المعادي,31.9150,35.9599
المعليق,لواء وادي السير,مديرية شرطة جنوب عمان,مركز أمن البيادر,المعليق,31.9433,35.7751
المغبة الشرقي,لواء سحاب,مديرية شرطة شرق عمان,مركز أمن سحاب,المغبة الشرقي,31.8853,35.9733
المقابلين,لواء القويسمة,مديرية شرطة جنوب عمان,مركز أمن المقابلين,المقابلين,31.9028,35.9125
الملك طلال,لواء ماركا,مديرية شرطة شرق عمان,مركز أمن ماركا,الملك طلال,32.0339,36.0727
المنارة,لواء ماركا,مديرية شرطة شرق عمان,مركز أمن النصر,المنارة,31.9448,35.9619
المنش,لواء الجامعة,مديرية شرطة شمال عمان,مركز أمن أبو نصير,المنش,32.1333,35.8333
المنشية/الجيزة,لواء ناعور,مديرية شرطة جنوب عمان,مركز أمن ناعور,المنشية/الجيزة,31.7000,35.9333
الموحدين,لواء الجامعة,مديرية شرطة شمال عمان,مركز أمن شفا بدران,الموحدين,32.0689,35.9058
الموقر,لواء القويسمة,مديرية شرطة شرق عمان,مركز أمن أحد,الموقر,31.8130,36.1080
الميدات,لواء وادي السير,مديرية شرطة جنوب عمان,مركز أمن البيادر,الميدات,31.9626,35.7367
الميدان,لواء الجامعة,مديرية شرطة شمال عمان,مركز أمن صويلح,الميدان,32.0420,35.7287
الميسة,لواء الجامعة,مديرية شرطة شمال عمان,مركز أمن صويلح,الميسة,32.0518,35.7629
النديم,لواء ناعور,مديرية شرطة جنوب عمان,مركز أمن ناعور,النديم,31.7160,35.7788
النزهة,لواء قصبة عمان,مديرية شرطة وسط عمان,مركز أمن النزهة,النزهة,31.9750,35.9350
النصر,لواء ماركا,مديرية شرطة شرق عمان,مركز أمن النصر,النصر,31.9450,35.9750
النظافة,لواء ناعور,مديرية شرطة جنوب عمان,مركز أمن ناعور,النظافة,31.7314,35.7878
النظيف,لواء قصبة عمان,مديرية شرطة وسط عمان,مركز أمن المهاجرين,النظيف,31.9371,35.9264
النعامي,لواء الجامعة,مديرية شرطة شمال عمان,مركز أمن أبو نصير,النعامي,32.1969,35.8677
النقب,لواء ناعور,مديرية شرطة جنوب عمان,مركز أمن ناعور,النقب,31.8650,35.7950
النهارية,لواء القويسمة,مديرية شرطة شرق عمان,مركز أمن القويسمة,النهارية,31.9264,35.9500
الهاشمي,لواء قصبة عمان,مديرية شرطة شمال عمان,مركز أمن الهاشمي,الهاشمي,31.9710,35.9550
الهاشمي الجنوبي,لواء قصبة عمان,مديرية شرطة شمال عمان,مركز أمن الهاشمي,الهاشمي الجنوبي,31.9622,35.9528
الهاشمي الشامي,لواء الجامعة,مديرية شرطة شمال عمان,مركز أمن تلاع العلي,الهاشمي الشامي,31.9780,35.8640
الهاشمي الشمالي,لواء قصبة عمان,مديرية شرطة شمال عمان,مركز أمن الهاشمي,الهاشمي الشمالي,31.9703,35.9589
الهاشمية الزرقاء,لواء ماركا,مديرية شرطة شرق عمان,مركز أمن ماركا,الهاشمية الزرقاء,32.1372,36.1199
الهاشمية/سحاب,لواء القويسمة,مديرية شرطة جنوب عمان,مركز أمن المقابلين,الهاشمية/سحاب,31.8780,35.9120
الهلال,لواء قصبة عمان,مديرية شرطة وسط عمان,مركز أمن زهران,الهلال,31.9304,35.8986
الهوايات,لواء وادي السير,مديرية شرطة جنوب عمان,مركز أمن البيادر,الهوايات,31.9620,35.7469
الوادي الاخضر,لواء وادي السير,مديرية شرطة جنوب عمان,مركز أمن البيادر,الوادي الاخضر,31.9232,35.7650
الوفاء,لواء القويسمة,مديرية شرطة جنوب عمان,مركز أمن الجويدة,الوفاء,31.8419,35.9486
اليادودة,لواء القويسمة,مديرية شرطة جنوب عمان,مركز أمن المقابلين,اليادودة,31.8700,35.9100
الياسمين,لواء القويسمة,مديرية شرطة جنوب عمان,مركز أمن المقابلين,الياسمين,31.9156,35.8889
الياسمينة,لواء قصبة عمان,مديرية شرطة جنوب عمان,مركز أمن جبل الزهور,الياسمينة,31.9215,35.9100
اليرموك,لواء ماركا,مديرية شرطة شرق عمان,مركز أمن ماركا,اليرموك,32.0271,36.0547
ام اذينة الشرقي,لواء الجامعة,مديرية شرطة شمال عمان,مركز أمن تلاع العلي,ام اذينة الشرقي,31.9668,35.8739
ام اذينة الغربي,لواء الجامعة,مديرية شرطة شمال عمان,مركز أمن تلاع العلي,ام اذينة الغربي,31.9681,35.8680
ام البيار,لواء الجامعة,مديرية شرطة شمال عمان,مركز أمن شفا بدران,ام البيار,32.1122,35.9496
ام الجدايل,لواء القويسمة,مديرية شرطة جنوب عمان,مركز أمن المقابلين,ام الجدايل,31.8858,35.8935
ام العساكر,لواء ناعور,مديرية شرطة جنوب عمان,مركز أمن ناعور,ام العساكر,31.8337,35.8773
ام الفطاير,لواء الجامعة,مديرية شرطة شمال عمان,مركز أمن شفا بدران,ام الفطاير,32.0742,35.9991
ام القطين,لواء ناعور,مديرية شرطة جنوب عمان,مركز أمن ناعور,ام القطين,31.8597,35.8259
ام انجاصة,لواء الجامعة,مديرية شرطة شمال عمان,مركز أمن أبو نصير,ام انجاصة,32.0867,35.8081
ام بلانة,لواء الجامعة,مديرية شرطة شمال عمان,مركز أمن شفا بدران,ام بلانة,32.0742,35.9135
ام بياضة,لواء ماركا,مديرية شرطة شرق عمان,مركز أمن ماركا,ام بياضة,32.0522,36.0626
ام شطيرات,لواء الجامعة,مديرية شرطة شمال عمان,مركز أمن أبو نصير,ام شطيرات,32.0810,35.9036
ام صليح,لواء الجامعة,مديرية شرطة شمال عمان,مركز أمن شفا بدران,ام صليح,32.1573,36.0901
ام نجاصة,لواء وادي السير,مديرية شرطة جنوب عمان,مركز أمن البيادر,ام نجاصة,31.9421,35.7548
بئر السبيل الشرقي,لواء وادي السير,مديرية شرطة جنوب عمان,مركز أمن البيادر,بئر السبيل الشرقي,31.9622,35.7690
بئر حسن,لواء الجامعة,مديرية شرطة شمال عمان,مركز أمن تلاع العلي,بئر حسن,31.9900,35.8550
بدر الجديد,لواء وادي السير,مديرية شرطة جنوب عمان,مركز أمن البيادر,بدر الجديد,31.9380,35.8450
بدر الجديدة,لواء وادي السير,مديرية شرطة جنوب عمان,مركز أمن البيادر,بدر الجديدة,31.9664,35.7808
برخ,لواء ماركا,مديرية شرطة شرق عمان,مركز أمن ماركا,برخ,32.0837,36.0966
بركة,لواء الجامعة,مديرية شرطة شمال عمان,مركز أمن ضاحية الرشيد,بركة,31.9900,35.8791
بركة العامرية,لواء الجامعة,مديرية شرطة شمال عمان,مركز أمن صويلح,بركة العامرية,32.0534,35.7477
بسمان,لواء قصبة عمان,مديرية شرطة شمال عمان,مركز أمن الهاشمي,بسمان,31.9720,35.9510
بيادر وادي السير,لواء وادي السير,مديرية شرطة جنوب عمان,مركز أمن البيادر,بيادر وادي السير,31.9340,35.8450
بيت المقدس,لواء ناعور,مديرية شرطة جنوب عمان,مركز أمن ناعور,بيت المقدس,31.7238,35.7994
بيت زرعة,لواء ناعور,مديرية شرطة جنوب عمان,مركز أمن ناعور,بيت زرعة,31.8333,35.8500
تلاع العلي,لواء الجامعة,مديرية شرطة شمال عمان,مركز أمن تلاع العلي,تلاع العلي,31.9860,35.8580
تلعة الرز,لواء الجامعة,مديرية شرطة شمال عمان,مركز أمن أبو نصير,تلعة الرز,32.1724,35.8660
جاوا,لواء القويسمة,مديرية شرطة جنوب عمان,مركز أمن الجويدة,جاوا,31.8594,35.9350
جاوا الجنوبي,لواء القويسمة,مديرية شرطة جنوب عمان,مركز أمن الجويدة,جاوا الجنوبي,31.8535,35.9315
جاوا الشمالي,لواء القويسمة,مديرية شرطة جنوب عمان,مركز أمن الجويدة,جاوا الشمالي,31.8641,35.9347
جبة,لواء الجامعة,مديرية شرطة شمال عمان,مركز أمن أبو نصير,جبة,32.1873,35.8820
جبل الأشرفية,لواء قصبة عمان,مديرية شرطة شرق عمان,مركز أمن الأشرفية,جبل الأشرفية,31.9410,35.9377
جبل الأمير حسن,لواء ماركا,مديرية شرطة شرق عمان,مركز أمن ماركا,جبل الأمير حسن,32.0407,36.0670
جبل الأميرة رحمة,لواء ماركا,مديرية شرطة شرق عمان,مركز أمن ماركا,جبل الأميرة رحمة,32.0478,36.0817
جبل التاج,لواء قصبة عمان,مديرية شرطة وسط عمان,مركز أمن التاج,جبل التاج,31.9450,35.9450
جبل الجوفة,لواء قصبة عمان,مديرية شرطة وسط عمان,مركز أمن التاج,جبل الجوفة,31.9532,35.9517
جبل الحسين,لواء قصبة عمان,مديرية شرطة وسط عمان,مركز أمن الحسين,جبل الحسين,31.9650,35.9180
جبل الزهراء,لواء قصبة عمان,مديرية شرطة جنوب عمان,مركز أمن جبل الزهور,جبل الزهراء,31.9280,35.9080
جبل الزهور,لواء قصبة عمان,مديرية شرطة جنوب عمان,مركز أمن جبل الزهور,جبل الزهور,31.9215,35.9280
جبل القلعة,لواء قصبة عمان,مديرية شرطة وسط عمان,مركز أمن المدينة,جبل القلعة,31.9540,35.9350
جبل اللويبدة,لواء قصبة عمان,مديرية شرطة وسط عمان,مركز أمن المدينة,جبل اللويبدة,31.9557,35.9279
جبل المريخ,لواء قصبة عمان,مديرية شرطة شرق عمان,مركز أمن الأشرفية,جبل المريخ,31.9352,35.9298
جبل النزهة,لواء قصبة عمان,مديرية شرطة وسط عمان,مركز أمن النزهة,جبل النزهة,31.9750,35.9350
جبل النصر,لواء قصبة عمان,مديرية شرطة شمال عمان,مركز أمن الهاشمي,جبل النصر,31.9605,35.9639
جبل طارق,لواء ماركا,مديرية شرطة شرق عمان,مركز أمن ماركا,جبل طارق,32.0437,36.0991
جبل عمان,لواء قصبة عمان,مديرية شرطة وسط عمان,مركز أمن المهاجرين,جبل عمان,31.9507,35.9215
جبيها,لواء الجامعة,مديرية شرطة شمال عمان,مركز أمن ضاحية الرشيد,جبيها,32.0150,35.8950
جريش,لواء الجامعة,مديرية شرطة شمال عمان,مركز أمن أبو نصير,جريش,32.1492,35.7317
جرينة,لواء ناعور,مديرية شرطة جنوب عمان,مركز أمن ناعور,جرينة,31.7607,35.7962
جسر الملك فيصل,لواء وادي السير,مديرية شرطة جنوب عمان,مركز أمن البيادر,جسر الملك فيصل,31.9530,35.8630
جلعد,لواء الجامعة,مديرية شرطة شمال عمان,مركز أمن أبو نصير,جلعد,32.1208,35.7742
جلول,لواء ناعور,مديرية شرطة جنوب عمان,مركز أمن ناعور,جلول,31.7167,35.8500
جناعة,لواء ماركا,مديرية شرطة شرق عمان,مركز أمن ماركا,جناعة,32.0539,36.0892
جندويل,لواء الجامعة,مديرية شرطة شمال عمان,مركز أمن تلاع العلي,جندويل,31.9620,35.8680
حرمين,لواء ناعور,مديرية شرطة جنوب عمان,مركز أمن ناعور,حرمين,31.8750,35.7700
حسبان,لواء ناعور,مديرية شرطة جنوب عمان,مركز أمن ناعور,حسبان,31.8000,35.8000
حطين,لواء القويسمة,مديرية شرطة جنوب عمان,مركز أمن الجويدة,حطين,31.8922,35.9280
حمزة,لواء ماركا,مديرية شرطة شرق عمان,مركز أمن ماركا,حمزة,31.9878,35.9916
حنينا,لواء ناعور,مديرية شرطة جنوب عمان,مركز أمن ناعور,حنينا,31.7285,35.8018
حوارة,لواء ناعور,مديرية شرطة جنوب عمان,مركز أمن ناعور,حوارة,31.7000,35.8500
حوض النصارى,لواء القويسمة,مديرية شرطة جنوب عمان,مركز أمن المقابلين,حوض النصارى,31.8830,35.9180
حي اكلة الكاشف,لواء وادي السير,مديرية شرطة جنوب عمان,مركز أمن البيادر,حي اكلة الكاشف,31.9546,35.7543
حي الأشرفية,لواء الجامعة,مديرية شرطة شمال عمان,مركز أمن أبو نصير,حي الأشرفية,32.1052,35.7969
حي الأمير شاكر,لواء ماركا,مديرية شرطة شرق عمان,مركز أمن ماركا,حي الأمير شاكر,32.0730,36.0761
حي البستان,لواء ماركا,مديرية شرطة شرق عمان,مركز أمن ماركا,حي البستان,32.0772,36.0714
حي الجدعة,لواء الجامعة,مديرية شرطة شمال عمان,مركز أمن صويلح,حي الجدعة,32.0373,35.7282
حي الجنينة,لواء ماركا,مديرية شرطة شرق عمان,مركز أمن ماركا,حي الجنينة,32.0737,36.0665
حي الحديب,لواء الجامعة,مديرية شرطة شمال عمان,مركز أمن أبو نصير,حي الحديب,32.0906,35.7759
حي الحسين,لواء ماركا,مديرية شرطة شرق عمان,مركز أمن ماركا,حي الحسين,32.0692,36.0773
حي الحليلة,لواء الجامعة,مديرية شرطة شمال عمان,مركز أمن صويلح,حي الحليلة,32.0298,35.7089
حي الدفيانة,لواء وادي السير,مديرية شرطة جنوب عمان,مركز أمن البيادر,حي الدفيانة,31.9538,35.7668
حي الذراع,لواء وادي السير,مديرية شرطة جنوب عمان,مركز أمن البيادر,حي الذراع,31.9340,35.8132
حي الربيدي,لواء الجامعة,مديرية شرطة شمال عمان,مركز أمن صويلح,حي الربيدي,32.0621,35.7802
حي الرشيد,لواء ماركا,مديرية شرطة شرق عمان,مركز أمن ماركا,حي الرشيد,32.0273,36.0196
حي الزعتري,لواء الجامعة,مديرية شرطة شمال عمان,مركز أمن صويلح,حي الزعتري,32.0707,35.7521
حي السحلولية,لواء الجامعة,مديرية شرطة شمال عمان,مركز أمن أبو نصير,حي السحلولية,32.0879,35.7981
حي السرايا,لواء الجامعة,مديرية شرطة شمال عمان,مركز أمن صويلح,حي السرايا,32.0389,35.7247
حي السرور,لواء الجامعة,مديرية شرطة شمال عمان,مركز أمن صويلح,حي السرور,32.0430,35.7790
حي السويسة,لواء وادي السير,مديرية شرطة جنوب عمان,مركز أمن البيادر,حي السويسة,31.9531,35.7613
حي الشجرة,لواء الجامعة,مديرية شرطة شمال عمان,مركز أمن أبو نصير,حي الشجرة,32.0972,35.7343
حي الشفا,لواء الجامعة,مديرية شرطة شمال عمان,مركز أمن صويلح,حي الشفا,32.0473,35.7599
حي الصافح والبقيع,لواء الجامعة,مديرية شرطة شمال عمان,مركز أمن صويلح,حي الصافح والبقيع,32.0371,35.7119
حي الصنوبر,لواء وادي السير,مديرية شرطة جنوب عمان,مركز أمن البيادر,حي الصنوبر,31.9429,35.8231
حي الضباط,لواء ماركا,مديرية شرطة شرق عمان,مركز أمن ماركا,حي الضباط,32.0572,36.0867
حي العوايشة,لواء الجامعة,مديرية شرطة شمال عمان,مركز أمن صويلح,حي العوايشة,32.0320,35.7932
حي العيزرية,لواء الجامعة,مديرية شرطة شمال عمان,مركز أمن صويلح,حي العيزرية,32.0367,35.7229
حي الغروس الشرقي,لواء وادي السير,مديرية شرطة جنوب عمان,مركز أمن البيادر,حي الغروس الشرقي,31.9581,35.7762
حي الغروس الغربي,لواء وادي السير,مديرية شرطة جنوب عمان,مركز أمن البيادر,حي الغروس الغربي,31.9620,35.7801
حي الفروسية,لواء الجامعة,مديرية شرطة شمال عمان,مركز أمن صويلح,حي الفروسية,32.0258,35.8025
حي الفلاح,لواء ماركا,مديرية شرطة شرق عمان,مركز أمن ماركا,حي الفلاح,32.0368,36.0635
حي القبة,لواء وادي السير,مديرية شرطة جنوب عمان,مركز أمن البيادر,حي القبة,31.9711,35.7832
حي القسام,لواء الجامعة,مديرية شرطة شمال عمان,مركز أمن صويلح,حي القسام,32.0172,35.7138
حي القلعة,لواء الجامعة,مديرية شرطة شمال عمان,مركز أمن صويلح,حي القلعة,32.0417,35.7239
حي القمر,لواء ماركا,مديرية شرطة شرق عمان,مركز أمن ماركا,حي القمر,32.0633,36.0633
حي الكرسي,لواء الجامعة,مديرية شرطة شمال عمان,مركز أمن تلاع العلي,حي الكرسي,31.9658,35.8271
حي المركز الصحي,لواء الجامعة,مديرية شرطة شمال عمان,مركز أمن أبو نصير,حي المركز الصحي,32.1224,35.7415
حي المريخ,لواء قصبة عمان,مديرية شرطة شرق عمان,مركز أمن الأشرفية,حي المريخ,31.9352,35.9298
حي المزود,لواء الجامعة,مديرية شرطة شمال عمان,مركز أمن صويلح,حي المزود,32.0069,35.7055
حي المصلى,لواء الجامعة,مديرية شرطة شمال عمان,مركز أمن صويلح,حي المصلى,32.0742,35.7218
حي المطار,لواء ماركا,مديرية شرطة شرق عمان,مركز أمن ماركا,حي المطار,31.9771,35.9849
حي المنتزه,لواء الجامعة,مديرية شرطة شمال عمان,مركز أمن أبو نصير,حي المنتزه,32.1081,35.7094
حي المنشية,لواء الجامعة,مديرية شرطة شمال عمان,مركز أمن صويلح,حي المنشية,32.0330,35.7260
حي الميامين,لواء الجامعة,مديرية شرطة شمال عمان,مركز أمن صويلح,حي الميامين,32.0256,35.7190
حي النزهة,لواء ماركا,مديرية شرطة شرق عمان,مركز أمن ماركا,حي النزهة,32.0616,36.0813
حي النصر,لواء ماركا,مديرية شرطة شرق عمان,مركز أمن ماركا,حي النصر,32.0685,36.0972
حي النعير,لواء وادي السير,مديرية شرطة جنوب عمان,مركز أمن البيادر,حي النعير,31.9540,35.8049
حي الوسية,لواء الجامعة,مديرية شرطة شمال عمان,مركز أمن أبو نصير,حي الوسية,32.1005,35.7821
حي اليزيدية,لواء الجامعة,مديرية شرطة شمال عمان,مركز أمن صويلح,حي اليزيدية,32.0583,35.7728
حي اليزيدية الجنوبي,لواء الجامعة,مديرية شرطة شمال عمان,مركز أمن صويلح,حي اليزيدية الجنوبي,32.0587,35.7761
حي اليزيدية الشمالي,لواء الجامعة,مديرية شرطة شمال عمان,مركز أمن صويلح,حي اليزيدية الشمالي,32.0586,35.7692
حي ام العمد,لواء الجامعة,مديرية شرطة شمال عمان,مركز أمن أبو نصير,حي ام العمد,32.1150,35.7453
حي بطنا,لواء الجامعة,مديرية شرطة شمال عمان,مركز أمن صويلح,حي بطنا,32.0011,35.7051
حي بلال,لواء وادي السير,مديرية شرطة جنوب عمان,مركز أمن البيادر,حي بلال,31.9640,35.7988
حي جلعد,لواء الجامعة,مديرية شرطة شمال عمان,مركز أمن أبو نصير,حي جلعد,32.1374,35.7899
حي رمزي,لواء ماركا,مديرية شرطة شرق عمان,مركز أمن ماركا,حي رمزي,32.0772,36.0829
حي زي,لواء الجامعة,مديرية شرطة شمال عمان,مركز أمن أبو نصير,حي زي,32.1058,35.7238
حي سلعوف,لواء الجامعة,مديرية شرطة شمال عمان,مركز أمن أبو نصير,حي سلعوف,32.1097,35.7597
حي طباعة,لواء الجامعة,مديرية شرطة شمال عمان,مركز أمن صويلح,حي طباعة,32.0923,35.7109
حي كفر هودا,لواء الجامعة,مديرية شرطة شمال عمان,مركز أمن صويلح,حي كفر هودا,32.0877,35.7030
حي معصوم,لواء ماركا,مديرية شرطة شرق عمان,مركز أمن ماركا,حي معصوم,32.0782,36.0759
حي نقب الدبور,لواء الجامعة,مديرية شرطة شمال عمان,مركز أمن صويلح,حي نقب الدبور,32.0323,35.7397
حي وادي الاكراد,لواء الجامعة,مديرية شرطة شمال عمان,مركز أمن صويلح,حي وادي الاكراد,32.0428,35.7148
حي وادي الحلبي,لواء الجامعة,مديرية شرطة شمال عمان,مركز أمن صويلح,حي وادي الحلبي,32.0500,35.7198
حي وادي السير,لواء وادي السير,مديرية شرطة جنوب عمان,مركز أمن البيادر,حي وادي السير,31.9541,35.8275
حي وادي سودا,لواء الجامعة,مديرية شرطة شمال عمان,مركز أمن صويلح,حي وادي سودا,32.0511,35.7034
حي وادي شعيب,لواء الجامعة,مديرية شرطة شمال عمان,مركز أمن صويلح,حي وادي شعيب,31.9819,35.7080
خربة الأديرة,لواء الجامعة,مديرية شرطة شمال عمان,مركز أمن أبو نصير,خربة الأديرة,32.1175,35.7343
خربة الرصيفة,لواء ماركا,مديرية شرطة شرق عمان,مركز أمن ماركا,خربة الرصيفة,32.0167,36.0167
خربة السمراء,لواء الجامعة,مديرية شرطة شمال عمان,مركز أمن شفا بدران,خربة السمراء,32.1833,36.1667
خربة الشباك,لواء الجامعة,مديرية شرطة شمال عمان,مركز أمن أبو نصير,خربة الشباك,32.0833,35.7833
خربة العناب,لواء الجامعة,مديرية شرطة شمال عمان,مركز أمن صويلح,خربة العناب,32.0167,35.7500
خربة اليزيدية,لواء الجامعة,مديرية شرطة شمال عمان,مركز أمن صويلح,خربة اليزيدية,32.0660,35.7831
خربة جريبة,لواء ماركا,مديرية شرطة شمال عمان,مركز أمن طارق,خربة جريبة,32.0492,35.9997
خربة خو,لواء ماركا,مديرية شرطة شرق عمان,مركز أمن ماركا,خربة خو,32.0833,36.1333
خربة شومر,لواء ماركا,مديرية شرطة شرق عمان,مركز أمن ماركا,خربة شومر,32.0838,36.0543
خربة مخول,لواء الجامعة,مديرية شرطة شمال عمان,مركز أمن شفا بدران,خربة مخول,32.1167,36.0667
خربیه السوق,لواء القويسمة,مديرية شرطة جنوب عمان,مركز أمن الجويدة,خربیه السوق,31.8701,35.9292
خلدا,لواء الجامعة,مديرية شرطة شمال عمان,مركز أمن تلاع العلي,خلدا,31.9860,35.8480
دابوق,لواء الجامعة,مديرية شرطة شمال عمان,مركز أمن تلاع العلي,دابوق,31.9881,35.8113
دارة الفكر,لواء الجامعة,مديرية شرطة شمال عمان,مركز أمن تلاع العلي,دارة الفكر,31.9620,35.8710
درودة,لواء وادي السير,مديرية شرطة جنوب عمان,مركز أمن البيادر,درودة,31.9400,35.8550
دعم الغزالات,لواء الجامعة,مديرية شرطة شمال عمان,مركز أمن صويلح,دعم الغزالات,32.0809,35.7193
دوار أنس,لواء ماركا,مديرية شرطة شرق عمان,مركز أمن ماركا,دوار أنس,32.0658,36.0799
دوار ال جي كي,لواء ماركا,مديرية شرطة شرق عمان,مركز أمن ماركا,دوار ال جي كي,32.0910,36.0891
دوار الأشرفية,لواء قصبة عمان,مديرية شرطة شرق عمان,مركز أمن الأشرفية,دوار الأشرفية,31.9383,35.9332
دوار الأميرة بسمة,لواء الجامعة,مديرية شرطة شمال عمان,مركز أمن أبو نصير,دوار الأميرة بسمة,32.0373,35.8650
دوار الثقافة,لواء ماركا,مديرية شرطة شرق عمان,مركز أمن ماركا,دوار الثقافة,32.0485,36.0951
دوار الجمرك,لواء القويسمة,مديرية شرطة جنوب عمان,مركز أمن الجويدة,دوار الجمرك,31.9007,35.9380
دوار الحاووز,لواء ماركا,مديرية شرطة شرق عمان,مركز أمن ماركا,دوار الحاووز,32.0721,36.0894
دوار الحويان,لواء القويسمة,مديرية شرطة جنوب عمان,مركز أمن الجويدة,دوار الحويان,31.9003,35.9329
دوار الداخلية,لواء قصبة عمان,مديرية شرطة وسط عمان,مركز أمن الشميساني,دوار الداخلية,31.9732,35.9095
دوار الدبابة,لواء القويسمة,مديرية شرطة شرق عمان,مركز أمن القويسمة,دوار الدبابة,31.9047,35.9647
دوار الدلة,لواء ماركا,مديرية شرطة شرق عمان,مركز أمن ماركا,دوار الدلة,32.0677,36.0718
دوار الرابية,لواء قصبة عمان,مديرية شرطة وسط عمان,مركز أمن الشميساني,دوار الرابية,31.9740,35.8841
دوار الزهور,لواء قصبة عمان,مديرية شرطة جنوب عمان,مركز أمن جبل الزهور,دوار الزهور,31.9199,35.9232
دوار السخنة,لواء الجامعة,مديرية شرطة شمال عمان,مركز أمن شفا بدران,دوار السخنة,32.1293,36.0650
دوار السيف والدلة,لواء الجامعة,مديرية شرطة شمال عمان,مركز أمن شفا بدران,دوار السيف والدلة,32.0914,35.9358
دوار الشعب,لواء الجامعة,مديرية شرطة شمال عمان,مركز أمن تلاع العلي,دوار الشعب,31.9735,35.8390
دوار الشميساني,لواء قصبة عمان,مديرية شرطة وسط عمان,مركز أمن الشميساني,دوار الشميساني,31.9645,35.9005
دوار الشيخ ابراهيم عبد الكريم ابو حديد,لواء سحاب,مديرية شرطة شرق عمان,مركز أمن سحاب,دوار الشيخ ابراهيم عبد الكريم ابو حديد,31.7026,35.9476
دوار الصقر,لواء القويسمة,مديرية شرطة شرق عمان,مركز أمن أحد,دوار الصقر,31.8121,36.1063
دوار الطيارة,لواء ناعور,مديرية شرطة جنوب عمان,مركز أمن ناعور,دوار الطيارة,31.7287,35.7841
دوار العمادة,لواء ماركا,مديرية شرطة شرق عمان,مركز أمن ماركا,دوار العمادة,32.1030,36.1867
دوار القيسية,لواء قصبة عمان,مديرية شرطة وسط عمان,مركز أمن المهاجرين,دوار القيسية,31.9399,35.9076
دوار الكمالية,لواء الجامعة,مديرية شرطة شمال عمان,مركز أمن صويلح,دوار الكمالية,32.0289,35.8258
دوار الكيلو,لواء الجامعة,مديرية شرطة شمال عمان,مركز أمن تلاع العلي,دوار الكيلو,31.9745,35.8654
دوار المدفعية,لواء ماركا,مديرية شرطة شرق عمان,مركز أمن ماركا,دوار المدفعية,32.0773,36.1295
دوار المدينة,لواء الجامعة,مديرية شرطة شمال عمان,مركز أمن ضاحية الرشيد,دوار المدينة,31.9855,35.8977
دوار المدينة الرياضية,لواء الجامعة,مديرية شرطة شمال عمان,مركز أمن ضاحية الرشيد,دوار المدينة الرياضية,31.9855,35.8977
دوار المدينة المنورة,لواء الجامعة,مديرية شرطة شمال عمان,مركز أمن تلاع العلي,دوار المدينة المنورة,31.9911,35.8683
دوار المشاغل,لواء ماركا,مديرية شرطة شمال عمان,مركز أمن طارق,دوار المشاغل,31.9933,35.9300
دوار المنطقه الصناعيه,لواء وادي السير,مديرية شرطة جنوب عمان,مركز أمن البيادر,دوار المنطقه الصناعيه,31.9452,35.8499
دوار المهباش,لواء القويسمة,مديرية شرطة شرق عمان,مركز أمن القويسمة,دوار المهباش,31.9063,35.9591
دوار النزهة,لواء قصبة عمان,مديرية شرطة وسط عمان,مركز أمن النزهة,دوار النزهة,31.9713,35.9291
دوار الواحة,لواء الجامعة,مديرية شرطة شمال عمان,مركز أمن تلاع العلي,دوار الواحة,31.9911,35.8685
دوار الواحة y,لواء الجامعة,مديرية شرطة شمال عمان,مركز أمن ضاحية الرشيد,دوار الواحة y,31.9889,35.8743
دوار جويعد,لواء القويسمة,مديرية شرطة جنوب عمان,مركز أمن المقابلين,دوار جويعد,31.9038,35.9017
دوار خلدا,لواء الجامعة,مديرية شرطة شمال عمان,مركز أمن تلاع العلي,دوار خلدا,31.9947,35.8303
دوار خميس,لواء ماركا,مديرية شرطة شرق عمان,مركز أمن ماركا,دوار خميس,32.0667,36.0659
دوار زمزم,لواء ماركا,مديرية شرطة شرق عمان,مركز أمن ماركا,دوار زمزم,31.9923,36.0126
دوار صويلح,لواء الجامعة,مديرية شرطة شمال عمان,مركز أمن صويلح,دوار صويلح,32.0219,35.8439
دوار ضاحية الأمير حسن,لواء قصبة عمان,مديرية شرطة وسط عمان,مركز أمن النزهة,دوار ضاحية الأمير حسن,31.9877,35.9240
دوار فراس,لواء قصبة عمان,مديرية شرطة وسط عمان,مركز أمن الحسين,دوار فراس,31.9675,35.9178
دوار معصوم,لواء ماركا,مديرية شرطة شرق عمان,مركز أمن ماركا,دوار معصوم,32.0783,36.0746
دوار ناعور,لواء ناعور,مديرية شرطة جنوب عمان,مركز أمن ناعور,دوار ناعور,31.8786,35.8312
دوقرة,لواء الجامعة,مديرية شرطة شمال عمان,مركز أمن شفا بدران,دوقرة,32.1393,36.0354
دوّار المعارف,لواء الجامعة,مديرية شرطة شمال عمان,مركز أمن تلاع العلي,دوّار المعارف,31.9900,35.8448
دوّار عبدون,لواء قصبة عمان,مديرية شرطة وسط عمان,مركز أمن زهران,دوّار عبدون,31.9488,35.8925
دير غبار,لواء وادي السير,مديرية شرطة جنوب عمان,مركز أمن البيادر,دير غبار,31.9350,35.8750
ذهيبة,لواء الجامعة,مديرية شرطة شمال عمان,مركز أمن شفا بدران,ذهيبة,32.0501,35.9025
راس العين,لواء قصبة عمان,مديرية شرطة وسط عمان,مركز أمن المهاجرين,راس العين,31.9420,35.9220
رجم الشرائرة,لواء الجامعة,مديرية شرطة شمال عمان,مركز أمن صويلح,رجم الشرائرة,32.0000,35.8333
رجم المضمار,لواء الجامعة,مديرية شرطة شمال عمان,مركز أمن أبو نصير,رجم المضمار,32.0667,35.8333
رغدان,لواء قصبة عمان,مديرية شرطة شمال عمان,مركز أمن الهاشمي,رغدان,31.9780,35.9561
زبدا,لواء وادي السير,مديرية شرطة جنوب عمان,مركز أمن البيادر,زبدا,31.9639,35.7645
زبدة,لواء وادي السير,مديرية شرطة جنوب عمان,مركز أمن البيادر,زبدة,31.9453,35.7543
زبدة السويسة,لواء وادي السير,مديرية شرطة جنوب عمان,مركز أمن البيادر,زبدة السويسة,31.9582,35.7603
زبود,لواء ناعور,مديرية شرطة جنوب عمان,مركز أمن ناعور,زبود,31.8573,35.7572
زويرة,لواء ناعور,مديرية شرطة جنوب عمان,مركز أمن ناعور,زويرة,31.7000,35.9167
ساحة باريس,لواء قصبة عمان,مديرية شرطة وسط عمان,مركز أمن المدينة,ساحة باريس,31.9558,35.9279
سحاب,لواء سحاب,مديرية شرطة شرق عمان,مركز أمن سحاب,سحاب,31.8850,36.0050
سد ناعور,لواء ناعور,مديرية شرطة جنوب عمان,مركز أمن ناعور,سد ناعور,31.8680,35.7750
سوميا,لواء الجامعة,مديرية شرطة شمال عمان,مركز أمن أبو نصير,سوميا,32.1625,35.7828
سيل حسبان,لواء ناعور,مديرية شرطة جنوب عمان,مركز أمن ناعور,سيل حسبان,31.8537,35.7849
شفا بدران,لواء الجامعة,مديرية شرطة شمال عمان,مركز أمن شفا بدران,شفا بدران,32.0410,35.9120
شمسان,لواء الجامعة,مديرية شرطة شمال عمان,مركز أمن تلاع العلي,شمسان,31.9710,35.8760
صافوط,لواء الجامعة,مديرية شرطة شمال عمان,مركز أمن صويلح,صافوط,32.0336,35.8332
صالحية العابد,لواء القويسمة,مديرية شرطة شرق عمان,مركز أمن المنارة,صالحية العابد,31.9553,35.9995
صبحية,لواء الجامعة,مديرية شرطة شمال عمان,مركز أمن أبو نصير,صبحية,32.0845,35.7966
صروت,لواء الجامعة,مديرية شرطة شمال عمان,مركز أمن شفا بدران,صروت,32.1464,35.9592
صلخد,لواء وادي السير,مديرية شرطة جنوب عمان,مركز أمن البيادر,صلخد,31.9403,35.7595
صويفية,لواء وادي السير,مديرية شرطة جنوب عمان,مركز أمن البيادر,صويفية,31.9510,35.8610
صويلح,لواء الجامعة,مديرية شرطة شمال عمان,مركز أمن صويلح,صويلح,32.0165,35.8480
ضاحية الأقصى,لواء ماركا,مديرية شرطة شمال عمان,مركز أمن طارق,ضاحية الأقصى,31.9920,35.9410
ضاحية الأمانة,لواء القويسمة,مديرية شرطة جنوب عمان,مركز أمن المقابلين,ضاحية الأمانة,31.9120,35.9320
ضاحية الأمير حسن,لواء قصبة عمان,مديرية شرطة وسط عمان,مركز أمن النزهة,ضاحية الأمير حسن,31.9860,35.9230
ضاحية الأمير راشد,لواء وادي السير,مديرية شرطة جنوب عمان,مركز أمن البيادر,ضاحية الأمير راشد,31.9680,35.8500
ضاحية الأمير زيد,لواء ماركا,مديرية شرطة شمال عمان,مركز أمن طارق,ضاحية الأمير زيد,31.9950,35.9380
ضاحية الأمير علي,لواء ماركا,مديرية شرطة شمال عمان,مركز أمن طارق,ضاحية الأمير علي,31.9960,35.9450
ضاحية الأميرة هيا,لواء ماركا,مديرية شرطة شمال عمان,مركز أمن طارق,ضاحية الأميرة هيا,32.0010,35.9550
ضاحية الأوقاف,لواء الجامعة,مديرية شرطة شمال عمان,مركز أمن ضاحية الرشيد,ضاحية الأوقاف,31.9900,35.8750
ضاحية الاستقلال,لواء قصبة عمان,مديرية شرطة وسط عمان,مركز أمن النزهة,ضاحية الاستقلال,31.9750,35.9350
ضاحية الامير غازي بن محمد,لواء الجامعة,مديرية شرطة شمال عمان,مركز أمن صويلح,ضاحية الامير غازي بن محمد,32.0744,35.7141
ضاحية الاميرة سلمى,لواء ماركا,مديرية شرطة شرق عمان,مركز أمن ماركا,ضاحية الاميرة سلمى,32.0731,36.1073
ضاحية البستان,لواء الجامعة,مديرية شرطة شمال عمان,مركز أمن شفا بدران,ضاحية البستان,32.1070,36.0549
ضاحية الحاج حسن,لواء القويسمة,مديرية شرطة جنوب عمان,مركز أمن المقابلين,ضاحية الحاج حسن,31.9160,35.9400
ضاحية الحسين,لواء قصبة عمان,مديرية شرطة وسط عمان,مركز أمن الشميساني,ضاحية الحسين,31.9830,35.8770
ضاحية الرشيد,لواء الجامعة,مديرية شرطة شمال عمان,مركز أمن ضاحية الرشيد,ضاحية الرشيد,31.9970,35.8926
ضاحية الرضا,لواء ماركا,مديرية شرطة شرق عمان,مركز أمن ماركا,ضاحية الرضا,32.0050,35.9800
ضاحية الروضة,لواء قصبة عمان,مديرية شرطة جنوب عمان,مركز أمن جبل الزهور,ضاحية الروضة,31.9220,35.9250
ضاحية الزهور,لواء الجامعة,مديرية شرطة شمال عمان,مركز أمن صويلح,ضاحية الزهور,32.0583,35.7501
ضاحية السلام,لواء الجامعة,مديرية شرطة شمال عمان,مركز أمن صويلح,ضاحية السلام,32.0160,35.8650
ضاحية الشروق,لواء الجامعة,مديرية شرطة شمال عمان,مركز أمن صويلح,ضاحية الشروق,32.0571,35.7446
ضاحية النخيل,لواء وادي السير,مديرية شرطة جنوب عمان,مركز أمن مرج الحمام,ضاحية النخيل,31.9050,35.8750
ضاحية الياسمين,لواء القويسمة,مديرية شرطة جنوب عمان,مركز أمن المقابلين,ضاحية الياسمين,31.9180,35.9180
ضاحية خليل الرحمن,لواء وادي السير,مديرية شرطة جنوب عمان,مركز أمن مرج الحمام,ضاحية خليل الرحمن,31.9100,35.8800
طاب كراع,لواء الجامعة,مديرية شرطة شمال عمان,مركز أمن أبو نصير,طاب كراع,32.0512,35.8918
طبربور,لواء ماركا,مديرية شرطة شمال عمان,مركز أمن طارق,طبربور,32.0031,35.9472
طف النبي يوشع,لواء الجامعة,مديرية شرطة شمال عمان,مركز أمن صويلح,طف النبي يوشع,32.0707,35.7097
عبدلي,لواء قصبة عمان,مديرية شرطة وسط عمان,مركز أمن الشميساني,عبدلي,31.9630,35.9050
عبدون,لواء وادي السير,مديرية شرطة جنوب عمان,مركز أمن البيادر,عبدون,31.9400,35.8750
عبدون الجنوبي,لواء قصبة عمان,مديرية شرطة وسط عمان,مركز أمن زهران,عبدون الجنوبي,31.9412,35.8860
عراق الأمير,لواء وادي السير,مديرية شرطة جنوب عمان,مركز أمن البيادر,عراق الأمير,31.9240,35.8100
عرجان الشرقية,لواء قصبة عمان,مديرية شرطة وسط عمان,مركز أمن النزهة,عرجان الشرقية,31.9835,35.9165
عرقاوة,لواء القويسمة,مديرية شرطة جنوب عمان,مركز أمن المقابلين,عرقاوة,31.9180,35.9100
علان,لواء الجامعة,مديرية شرطة شمال عمان,مركز أمن أبو نصير,علان,32.1172,35.7440
عليقون,لواء الجامعة,مديرية شرطة شمال عمان,مركز أمن أبو نصير,عليقون,32.1587,35.7672
عوجان الشرقي,لواء ماركا,مديرية شرطة شرق عمان,مركز أمن ماركا,عوجان الشرقي,32.0333,36.0833
عين الباشا,لواء الجامعة,مديرية شرطة شمال عمان,مركز أمن صويلح,عين الباشا,32.0300,35.8400
عين خنيزير,لواء الجامعة,مديرية شرطة شمال عمان,مركز أمن أبو نصير,عين خنيزير,32.0833,35.8000
عين رباط,لواء ماركا,مديرية شرطة شمال عمان,مركز أمن طارق,عين رباط,32.0072,35.9743
عين غزال,لواء ماركا,مديرية شرطة شرق عمان,مركز أمن ماركا,عين غزال,31.9961,35.9770
غرناطة,لواء ناعور,مديرية شرطة جنوب عمان,مركز أمن ناعور,غرناطة,31.7433,35.7880
غريسة,لواء الجامعة,مديرية شرطة شمال عمان,مركز أمن شفا بدران,غريسة,32.1833,36.0833
قبور عبد الله,لواء ناعور,مديرية شرطة جنوب عمان,مركز أمن ناعور,قبور عبد الله,31.7667,35.7667
قرطبة,لواء ماركا,مديرية شرطة شرق عمان,مركز أمن ماركا,قرطبة,32.0687,36.0576
قرية سالم,لواء سحاب,مديرية شرطة شرق عمان,مركز أمن سحاب,قرية سالم,31.8500,35.9667
قصيب,لواء الجامعة,مديرية شرطة شمال عمان,مركز أمن أبو نصير,قصيب,32.1611,35.7532
قلعة الزرقاء,لواء ماركا,مديرية شرطة شرق عمان,مركز أمن ماركا,قلعة الزرقاء,32.0833,36.1000
كفير أبو سربوط,لواء ناعور,مديرية شرطة جنوب عمان,مركز أمن ناعور,كفير أبو سربوط,31.7500,35.7833
كفيرات أبو خينان,لواء ناعور,مديرية شرطة جنوب عمان,مركز أمن ناعور,كفيرات أبو خينان,31.7333,35.8000
كورنيت سعيد,لواء وادي السير,مديرية شرطة جنوب عمان,مركز أمن البيادر,كورنيت سعيد,31.9250,35.8150
مؤته,لواء ناعور,مديرية شرطة جنوب عمان,مركز أمن ناعور,مؤته,31.7119,35.7931
ماحص,لواء الجامعة,مديرية شرطة شمال عمان,مركز أمن صويلح,ماحص,31.9833,35.7667
مادبا,لواء ناعور,مديرية شرطة جنوب عمان,مركز أمن ناعور,مادبا,31.7240,35.7986
ماركا,لواء ماركا,مديرية شرطة شرق عمان,مركز أمن ماركا,ماركا,31.9750,35.9850
ماركا الجنوبية,لواء ماركا,مديرية شرطة شرق عمان,مركز أمن ماركا,ماركا الجنوبية,31.9620,35.9798
ماركا الشمالية,لواء ماركا,مديرية شرطة شرق عمان,مركز أمن ماركا,ماركا الشمالية,31.9800,35.9900
ماسوح,لواء ناعور,مديرية شرطة جنوب عمان,مركز أمن ناعور,ماسوح,31.7777,35.8462
مجمع السفريات,لواء ناعور,مديرية شرطة جنوب عمان,مركز أمن ناعور,مجمع السفريات,31.7137,35.8013
محمد الفاتح,لواء ناعور,مديرية شرطة جنوب عمان,مركز أمن ناعور,محمد الفاتح,31.7275,35.7889
مخيم البقعة,لواء الجامعة,مديرية شرطة شمال عمان,مركز أمن أبو نصير,مخيم البقعة,32.0731,35.8430
مخيم الحسين,لواء قصبة عمان,مديرية شرطة وسط عمان,مركز أمن الحسين,مخيم الحسين,31.9679,35.9251
مخيم الزرقاء,لواء ماركا,مديرية شرطة شرق عمان,مركز أمن ماركا,مخيم الزرقاء,32.0581,36.0919
مخيم الطالبية,لواء سحاب,مديرية شرطة شرق عمان,مركز أمن سحاب,مخيم الطالبية,31.7053,35.9492
مخيم الوحدات,لواء قصبة عمان,مديرية شرطة شرق عمان,مركز أمن الأشرفية,مخيم الوحدات,31.9304,35.9386
مخيم حطين,لواء ماركا,مديرية شرطة شرق عمان,مركز أمن ماركا,مخيم حطين,32.0074,36.0200
مدينة الشرق,لواء ماركا,مديرية شرطة شرق عمان,مركز أمن ماركا,مدينة الشرق,32.0566,36.1210
مدينة المجد,لواء ماركا,مديرية شرطة شرق عمان,مركز أمن ماركا,مدينة المجد,32.0389,36.1110
مدينة رغدان,لواء الجامعة,مديرية شرطة شمال عمان,مركز أمن ضاحية الرشيد,مدينة رغدان,32.0050,35.8700
مرج الحمام,لواء وادي السير,مديرية شرطة جنوب عمان,مركز أمن مرج الحمام,مرج الحمام,31.8950,35.8550
مرج الفرس,لواء الجامعة,مديرية شرطة شمال عمان,مركز أمن شفا بدران,مرج الفرس,32.0442,35.9408
مرج الموالي,لواء الجامعة,مديرية شرطة شمال عمان,مركز أمن أبو نصير,مرج الموالي,32.1501,35.7190
مرصع,لواء الجامعة,مديرية شرطة شمال عمان,مركز أمن أبو نصير,مرصع,32.1370,35.8710
مزرعة السامك,لواء ناعور,مديرية شرطة جنوب عمان,مركز أمن ناعور,مزرعة السامك,31.7923,35.8673
مشيرفة الرواشدة,لواء وادي السير,مديرية شرطة جنوب عمان,مركز أمن البيادر,مشيرفة الرواشدة,31.9367,35.7795
مطار ماركا,لواء ماركا,مديرية شرطة شرق عمان,مركز أمن ماركا,مطار ماركا,31.9730,35.9930
مقابلين,لواء القويسمة,مديرية شرطة جنوب عمان,مركز أمن المقابلين,مقابلين,31.9050,35.9150
مكة المكرمة,لواء ماركا,مديرية شرطة شرق عمان,مركز أمن ماركا,مكة المكرمة,32.0482,36.0417
منجا,لواء ناعور,مديرية شرطة جنوب عمان,مركز أمن ناعور,منجا,31.7450,35.8544
منطقة أبو نصير,لواء الجامعة,مديرية شرطة شمال عمان,مركز أمن أبو نصير,منطقة أبو نصير,32.0520,35.8805
منطقة احد,لواء سحاب,مديرية شرطة شرق عمان,مركز أمن سحاب,منطقة احد,31.8876,36.0326
منطقة التطوير,لواء ماركا,مديرية شرطة شرق عمان,مركز أمن ماركا,منطقة التطوير,31.9968,36.0536
منطقة الضليل,لواء القويسمة,مديرية شرطة شرق عمان,مركز أمن أحد,منطقة الضليل,32.1308,36.2716
منطقة القويسمة,لواء القويسمة,مديرية شرطة شرق عمان,مركز أمن القويسمة,منطقة القويسمة,31.9167,35.9500
منطقة المدينة,لواء قصبة عمان,مديرية شرطة وسط عمان,مركز أمن المهاجرين,منطقة المدينة,31.9450,35.9288
منطقة المقابلين,لواء القويسمة,مديرية شرطة جنوب عمان,مركز أمن المقابلين,منطقة المقابلين,31.8963,35.9041
منطقة النصر,لواء ماركا,مديرية شرطة شرق عمان,مركز أمن النصر,منطقة النصر,31.9526,35.9668
منطقة اليرموك,لواء قصبة عمان,مديرية شرطة شرق عمان,مركز أمن الأشرفية,منطقة اليرموك,31.9356,35.9381
منطقة بدر,لواء قصبة عمان,مديرية شرطة وسط عمان,مركز أمن المهاجرين,منطقة بدر,31.9307,35.9070
منطقة بسمان,لواء قصبة عمان,مديرية شرطة وسط عمان,مركز أمن النزهة,منطقة بسمان,31.9877,35.9239
منطقة تلاع العلي,لواء الجامعة,مديرية شرطة شمال عمان,مركز أمن تلاع العلي,منطقة تلاع العلي,31.9947,35.8662
منطقة رأس العين,لواء قصبة عمان,مديرية شرطة جنوب عمان,مركز أمن جبل الزهور,منطقة رأس العين,31.9308,35.9277
منطقة زهران,لواء قصبة عمان,مديرية شرطة وسط عمان,مركز أمن زهران,منطقة زهران,31.9543,35.9041
منطقة صويلح,لواء الجامعة,مديرية شرطة شمال عمان,مركز أمن صويلح,منطقة صويلح,32.0250,35.8381
منطقة طارق,لواء ماركا,مديرية شرطة شمال عمان,مركز أمن طارق,منطقة طارق,31.9930,35.9447
منطقة ماركا,لواء ماركا,مديرية شرطة شرق عمان,مركز أمن ماركا,منطقة ماركا,31.9777,35.9801
منطقة مرج الحمام,لواء وادي السير,مديرية شرطة جنوب عمان,مركز أمن مرج الحمام,منطقة مرج الحمام,31.9017,35.8517
منطقة ناعور,لواء ناعور,مديرية شرطة جنوب عمان,مركز أمن ناعور,منطقة ناعور,31.8704,35.8202
منطقة وادي السير,لواء وادي السير,مديرية شرطة جنوب عمان,مركز أمن البيادر,منطقة وادي السير,31.9546,35.8299
موبص,لواء الجامعة,مديرية شرطة شمال عمان,مركز أمن أبو نصير,موبص,32.0949,35.8856
ميدان الجيش العربي,لواء ماركا,مديرية شرطة شرق عمان,مركز أمن ماركا,ميدان الجيش العربي,32.0608,36.0943
ميدان هزاع المجالي,لواء ماركا,مديرية شرطة شرق عمان,مركز أمن ماركا,ميدان هزاع المجالي,32.0811,36.1070
ناعور,لواء ناعور,مديرية شرطة جنوب عمان,مركز أمن ناعور,ناعور,31.8650,35.8250
نزال,لواء قصبة عمان,مديرية شرطة وسط عمان,مركز أمن المهاجرين,نزال,31.9328,35.9130
نظمي,لواء قصبة عمان,مديرية شرطة وسط عمان,مركز أمن زهران,نظمي,31.9550,35.8700
وادي الازرق,لواء الجامعة,مديرية شرطة شمال عمان,مركز أمن صويلح,وادي الازرق,32.0064,35.7334
وادي الحجر,لواء ماركا,مديرية شرطة شرق عمان,مركز أمن ماركا,وادي الحجر,32.0411,36.0887
وادي الحدادة,لواء قصبة عمان,مديرية شرطة وسط عمان,مركز أمن المدينة,وادي الحدادة,31.9599,35.9317
وادي الحور,لواء الجامعة,مديرية شرطة شمال عمان,مركز أمن صويلح,وادي الحور,32.0777,35.7702
وسط البلد,لواء الجامعة,مديرية شرطة شمال عمان,مركز أمن صويلح,وسط البلد,32.0355,35.7290
ياجوز,لواء الجامعة,مديرية شرطة شمال عمان,مركز أمن شفا بدران,ياجوز,32.0333,35.9167
